72.932854,76.485718,72.714287,164873100,76.024284
79.117142,79.285713,77.37571700000001,140129500,78.432854
78.26857,78.524284,77.285713,88241300,77.442856
76.709999,76.947144,75.11856800000001,148583400,75.285713
74.571426,75.614288,73.599998,121039100,74.842857
75.601425,75.98428299999999,74.464287,114676800,75.044289
74.64286,75.001427,73.71285999999999,101901100,73.871429
75.507141,75.531425,73.645714,150286500,74.78714000000001
74.428574,75.045715,74.145714,87626700,74.328575
71.811432,72.5,71.215714,183551900,71.678574
71.185715,71.284286,69.054283,219193100,69.41714499999999
70.66285699999999,72.77714499999999,70.35714,172701200,72.298569
72.90142800000001,72.964287,71.718575,113419600,71.811432
71.21714,71.745712,70.914284,118230700,71.428574
72.08000200000001,72.554283,70.947144,115386600,72.110001
72.687141,73.57,72.110001,215377400,73.43
65.714287,66.53286,64.321426,365213100,64.35714
64.52714499999999,65.175713,62.14285699999999,302006600,62.84
62.547142,64.744286,62.265713,196379400,64.261429
65.5,65.742859,64.58856999999999,142789500,65.46714
65.285713,66.085716,64.928574,104288800,65.261429
65.28286,65.611427,64.997147,79833600,65.07
65.58714300000001,65.639999,64.050003,134871100,64.802856
64.844284,65.13428499999999,63.14285699999999,119279300,63.188572
63.435715,65.677139,63.174285999999995,143336900,65.405716
65.209999,66.64286,64.654289,148426600,65.335716
66.178574,67.14286,64.87428299999999,176145200,66.888573
67.714287,68.40142800000001,66.89286,158289600,67.854286
68.071426,69.27714499999999,67.60714,129372600,68.561432
68.501427,68.91143000000001,66.82,152263300,66.842857
66.744286,67.66285699999999,66.174286,118801900,66.715714
66.360001,67.377144,66.288574,88818800,66.655716
66.978569,67.165718,65.70285799999999,97936300,65.737144
65.871429,66.104286,64.835716,108945900,65.71285999999999
65.38428499999999,65.38428499999999,64.114288,119075600,64.121429
63.714287,64.16714499999999,63.259997999999996,111795600,63.722857999999995
64.178574,64.514282,63.799999,82663700,64.40142800000001
64.835716,65.017143,63.224284999999995,93144800,63.257141000000004
63.402859,64.505714,62.52285799999999,125374900,64.138573
64.061432,64.63428499999999,62.950001,146837600,63.509997999999996
63.435715,63.98143,63.057143999999994,80628800,63.057143999999994
62.57143000000001,62.597141,61.425713,138112100,61.495716
61.114284999999995,61.171429,59.85714300000001,145688900,60.007141000000004
60.21143000000001,62.169998,60.10714300000001,159608400,61.591427
62.07285699999999,62.17856999999999,60.632858,115062500,60.80857099999999
60.64285699999999,61.715714,60.151428,117118400,61.51142900000001
61.400002,62.204285,61.23,97870500,61.674285999999995
61.39285699999999,62.715714,60.734287,118559000,62.552856000000006
62.228573,62.697143999999994,61.08142900000001,116477900,61.204285
61.207142000000005,62.07143000000001,60.765713,101387300,61.192856000000006
61.832859,62.091427,61.492858999999996,75968900,61.785713
62.561428,63.46143000000001,62.464287,160990200,63.380001
63.064285,65.351425,63.028572,151549300,65.102859
65.64286,65.852859,64.071426,131693800,64.927139
65.345711,65.37571700000001,64.227142,77165200,64.58285500000001
64.317146,65.425713,64.300003,95813900,64.675713
64.940002,66.014282,64.730003,98776300,65.987144
66.38428499999999,67.135712,65.968575,125283900,66.225716
66.49143199999999,66.548569,65.790001,73573500,65.877144
65.208572,65.257141,64.389999,82809300,64.58285500000001
64.260002,64.545715,63.08857,110709900,63.237143999999994
63.128570999999994,63.385715000000005,61.105713,97433000,61.27285799999999
61.085712,62.591427,60.914288,132379800,61.398571
61.624287,62.468571,61.472857999999995,90804000,61.712856
61.965714,62.14285699999999,60.75,89611900,61.102856
60.64285699999999,60.707142000000005,59.954285,95923800,60.457142000000005
60.692856000000006,61.07143000000001,60.355713,75207300,60.887142000000004
60.908573,61.214287,60.39285699999999,76653500,60.99714300000001
61.157143000000005,62.437141000000004,60.85856999999999,93982000,62.241428000000006
61.959998999999996,62.57,61.599998,82091100,62.047142
62.021427,62.021427,61.298573,59653300,61.400002
61.0,61.127143999999994,59.935715,79380000,59.978573
60.224284999999995,60.944286,60.08142900000001,76442800,60.89143000000001
60.03856999999999,60.085712,56.872856000000006,236264000,57.542857999999995
57.855713,57.970001,55.67714300000001,166574800,56.007141000000004
55.424285999999995,57.085712,55.014286,152318600,55.790001000000004
56.091427,57.457142000000005,55.895714,107480100,56.952858
57.712856,58.34,56.972857999999995,166059600,58.01857
56.220001,59.32143000000001,56.07143000000001,242412800,57.922855000000006
58.74714300000001,59.134285,58.14285699999999,96209400,58.34
58.544284999999995,59.824287,58.32143000000001,191024400,59.599998
60.064285,61.945713,60.0,160081600,61.445713
62.157143000000005,63.60714300000001,61.724284999999995,172884600,63.254284
63.494285999999995,63.561428,62.055714,126727300,62.755714000000005
63.111427,64.084282,62.947143999999994,105457100,63.645714
64.47285500000001,64.747147,64.164284,90325200,64.28286
65.101425,66.028572,64.90142800000001,124160400,65.815712
66.424286,66.535713,64.814285,120938300,65.522858
65.577141,66.48143,65.11571500000001,118149500,66.262856
65.687141,66.14286,65.08285500000001,99621900,65.252853
65.424286,65.672859,64.354286,83713000,64.709999
64.501427,65.414284,64.5,79237200,64.96285999999999
64.835716,65.028572,63.164288,111779500,63.408573
62.737143999999994,63.0,60.337143000000005,185403400,61.264286
60.462856,62.549999,59.842856999999995,150801000,62.082859
62.721428,62.869999,61.57285699999999,106976100,61.894287
61.701427,63.685715,61.442856000000006,112894600,63.275715000000005
62.592856999999995,63.639998999999996,62.028572,114005500,62.80857099999999
63.435715,64.050003,62.602856,110759600,63.049999
62.278572,63.737143999999994,62.255714000000005,88255300,63.162856999999995
62.978573,63.665714,62.908573,69041700,63.592856999999995
64.271431,64.444283,62.978573,96536300,63.062858999999996
62.85714300000001,63.92856999999999,62.771427,82644100,63.564285
63.664288,64.928574,63.501427,88379900,64.511429
64.64286,65.300003,64.214287,96075700,64.247147
64.389999,64.622856,63.21143000000001,93088100,64.388573
64.745712,64.918571,63.912856999999995,73182200,64.187141
63.664288,64.388573,63.387142000000004,72647400,63.587143000000005
63.638573,63.85714300000001,62.007141000000004,104233500,62.637142000000004
62.35714300000001,63.32,61.824287,101133900,63.115715
63.532856,64.154289,62.400002,112538300,62.69857
62.248573,63.251427,61.902859,71528100,62.514286
62.785713,63.035713,61.64285699999999,66306800,61.741428000000006
61.785713,62.44857,61.25,71458100,62.279999
62.200001,62.327144999999994,61.214287,67966500,61.435715
61.634285,62.242858999999996,61.48,64853600,61.714287
61.651428,62.128570999999994,61.458572,48756400,61.681427
61.628570999999994,61.665714,60.42856999999999,77735000,60.42856999999999
59.900002,60.854286,59.310001,89327700,59.548573
59.784286,60.0,58.299999,120279600,59.07143000000001
58.200001,58.380001,56.864284999999995,120186500,57.505714000000005
57.957142000000005,58.255714000000005,56.975716000000006,78540700,57.51857
57.700001,57.827144999999994,56.52285799999999,91931000,56.867142
57.035713,57.341427,56.220001,84311500,56.254284
55.908573,57.181427,55.552856000000006,144629100,56.647144
57.527142000000005,58.895714,57.317142000000004,97763400,58.459998999999996
58.565716,60.232856999999996,58.495716,117466300,59.784286
60.122856000000006,60.425713,59.635715000000005,60232200,60.114284999999995
60.055714,60.470001,59.335712,68506200,59.631428
60.015713,60.14285699999999,58.664288,74534600,59.292857999999995
59.085712,60.5,58.625713,88146100,60.335712
59.942856000000006,60.685715,59.75,70351400,60.104286
60.421429,61.17856999999999,60.167141,81573100,61.041428
61.092856999999995,61.398571,60.487143999999994,69890800,60.93
60.715714,61.637142000000004,60.685715,60479300,61.062858999999996
60.931427,61.529999,60.595715000000006,54134500,61.457142000000005
61.385715000000005,61.745716,61.174285999999995,49747600,61.472857999999995
61.91143,62.124287,61.515713,54719700,61.68
61.871429000000006,61.99714300000001,60.621429000000006,67180400,60.707142000000005
61.351429,61.39285699999999,60.781429,51949100,60.901428
60.85714300000001,60.994285999999995,59.815716,92348900,59.855713
62.704285,63.512856000000006,62.18,147984200,62.93
62.957142000000005,63.057143999999994,62.258571999999994,57373400,62.64285699999999
62.185715,63.005714000000005,62.048573,50038100,62.998573
62.971428,64.284286,62.885715000000005,62014400,63.970001
64.279999,65.307144,64.175713,77355600,64.760002
64.998573,65.334282,64.204285,80739400,64.647141
65.10714,65.257141,64.751427,51562700,65.239998
65.43,66.121429,65.237144,68695900,66.077141
66.38428499999999,67.238571,66.021431,79713900,67.064285
66.860001,67.41285699999999,66.024284,83714400,66.464287
66.257141,66.714287,65.96714,74714500,66.425713
66.26571700000001,66.300003,65.421425,63944300,65.858574
65.519997,65.779999,64.807144,66716300,64.921425
65.26571700000001,66.949997,65.232857,91108500,66.76571700000001
67.27714499999999,70.665718,66.864288,220485300,69.938568
71.12571700000001,72.035713,70.485718,189093100,71.214287
70.91714499999999,71.771431,69.86856800000001,122573500,71.129997
71.449997,71.84857199999999,71.26571700000001,90576500,71.761429
72.048569,73.391426,72.0,127629600,72.534286
72.815712,72.938568,71.545715,89672100,71.581429
71.941429,72.449997,71.599998,83969900,71.76571700000001
72.139999,72.227142,71.171425,61051900,71.851425
71.895714,71.907143,71.335716,55682900,71.574287
71.535713,72.885712,71.5,82741400,71.852859
71.14286,71.78714000000001,69.471428,106047200,69.798569
69.428574,70.828575,69.428574,76902000,70.128571
70.235718,70.928574,70.16143000000001,59914400,70.242859
70.285713,70.421425,69.5,68074300,69.602859
70.442856,71.514282,69.621429,82982200,69.79714200000001
71.36571500000001,71.748573,70.897141,86258200,71.24143199999999
71.464287,71.525711,70.519997,59091900,70.752853
71.205711,71.339996,69.992859,89881400,71.174286
72.14286,72.559998,71.925713,85171800,72.309998
72.314285,72.492859,69.928574,185798900,70.66285699999999
66.715714,67.66999799999999,66.40142800000001,224674100,66.815712
66.928574,67.914284,66.572861,101012800,67.52714499999999
67.048569,67.404289,66.385712,74708900,66.414284
65.85714,65.944283,63.888573,135926700,64.302856
63.994285999999995,65.672859,63.92856999999999,99845200,65.045715
66.168571,66.621429,65.808571,114215500,66.382858
67.242859,67.975716,67.035713,101135300,67.471428
68.285713,68.364288,66.571426,174825700,66.772858
70.871429,70.987144,68.942856,190526700,70.091431
70.697144,70.781425,69.688568,91086100,69.871429
69.885712,69.94856999999999,68.775711,79239300,68.790001
69.428574,69.794289,69.128571,59305400,69.459999
69.111427,69.238571,68.674286,57010100,68.964287
68.178574,68.808571,67.772858,65039100,68.10714
68.349998,69.877144,68.339996,88470900,69.708572
69.37571700000001,70.257141,69.10714,72296000,69.937141
70.072861,70.335716,68.677139,80688300,69.058571
69.122856,69.228569,68.371429,64717100,69.004288
69.50856800000001,70.378571,69.335716,78073100,69.678574
69.99143199999999,70.091431,68.648575,72729300,68.705711
69.23428299999999,69.684288,68.325714,75431300,69.512856
70.188568,70.339996,69.577141,69650700,69.94856999999999
69.57,70.548569,69.308571,66934700,70.40142800000001
69.975716,71.08285500000001,69.907143,65474500,70.862854
71.072861,71.714287,70.788574,80018400,71.239998
71.541428,71.790001,71.318573,62775300,71.58714300000001
71.425713,72.111427,71.382858,63398300,72.071426
72.284286,72.751427,72.244286,72635500,72.69856999999999
73.110001,74.900002,73.074287,99526700,74.480003
75.201431,75.492859,72.575714,133515900,74.267143
74.14286,75.095711,74.14286,78430800,74.994286
75.0,76.067146,74.635712,96191200,75.987144
75.902855,76.175713,75.01571700000001,84448000,75.137146
75.577141,75.85714,74.744286,137610200,75.697144
76.610001,77.035713,73.505714,158951800,73.811432
74.230003,75.360001,73.860001,88540900,74.985718
75.0,75.355713,74.46714,68924100,74.671425
74.860001,74.971428,73.691429,68722500,74.290001
74.442856,75.260002,74.11571500000001,61156900,75.25
74.940002,75.555717,74.714287,66303300,75.064285
74.878571,74.980003,74.028572,55843900,74.41714499999999
74.225716,74.74143199999999,73.197144,65655100,73.21285999999999
73.511429,74.447144,73.227142,69829200,74.36571500000001
74.284286,74.524284,73.487144,56863100,74.150002
73.95285799999999,74.845711,73.85714,51069200,74.28714000000001
74.0,74.60714,73.851425,49305200,74.37571700000001
74.687141,75.611427,74.552856,70604800,75.451431
75.225716,75.584282,74.927139,79480100,74.998573
74.998573,75.312859,74.028572,61236000,74.089996
74.147141,74.76857,73.995712,52234700,74.221428
74.175713,74.345711,73.475716,48479200,73.571426
73.942856,74.458572,73.38143199999999,65506700,74.44856999999999
74.21714,74.594284,74.075714,55931400,74.257141
74.431427,75.12428299999999,74.428574,57327900,74.82
74.87428299999999,76.591431,74.85714,100345700,76.199997
76.61571500000001,78.0,76.199997,90862100,77.994286
78.497147,79.761429,78.25856800000001,79531900,79.438568
79.714287,80.61856800000001,78.688568,118136200,78.747147
79.757141,80.91143000000001,79.668571,112742000,80.902855
80.785713,81.312859,80.117142,94452400,80.714287
81.807144,82.16285699999999,80.915718,111895000,81.128571
80.827141,80.964287,79.938568,86088100,80.002853
80.128571,81.36856800000001,80.128571,80123400,80.918571
80.511429,81.12571700000001,80.171425,69567400,80.792854
81.0,81.567146,79.955711,89929700,80.194283
80.305717,80.762856,80.004288,65572500,80.077141
80.407143,80.41143000000001,79.095711,83205500,79.204285
79.288574,80.377144,79.28714000000001,70648200,79.64286
79.40142800000001,79.91999799999999,79.054283,57475600,79.284286
78.528572,78.778572,76.971428,141465800,78.681427
78.5,78.571426,77.675713,80077200,77.779999
77.918571,78.80143000000001,77.831429,109103400,78.431427
81.14286,81.531425,80.394287,125326600,81.441429
81.41285699999999,81.697144,80.861427,41888700,81.095711
81.157143,81.35714,80.482857,51002000,80.557144
80.545715,80.629997,79.928574,56471100,80.012856
79.637146,80.012856,78.902855,63407400,79.21714
79.16714499999999,80.182854,79.14286,55771100,80.145714
79.382858,79.575714,78.860001,58671200,79.01857
78.980003,79.099998,77.204285,98116900,77.28286
76.778572,78.114288,76.228569,103152700,77.704285
77.760002,77.994286,76.845711,79302300,77.148575
76.97285500000001,77.937141,76.955711,64632400,77.637146
78.114288,78.122856,76.478569,69787200,76.645714
77.11856800000001,77.257141,75.872856,76244000,76.13428499999999
75.701431,77.5,75.697144,94623200,76.53286
76.888573,78.104286,76.808571,83140400,78.055717
79.074287,80.028572,78.808571,97909700,79.622856
79.271431,79.550003,78.811432,57319500,79.178574
78.78286,78.867142,77.128571,106684900,77.238571
77.284286,78.581429,77.20285799999999,82131700,78.438568
78.701431,79.612854,78.25856800000001,94996300,78.78714000000001
78.562859,79.5,77.83000200000001,100809800,79.454285
79.14286,79.37428299999999,77.821426,107338700,78.010002
78.581429,79.257141,77.964287,138719700,78.64286
72.68,73.571426,71.724289,266380800,72.35714
71.992859,72.48143,71.23143,125702500,71.535713
71.791428,72.35714,70.957146,169625400,71.397141
70.739998,71.647141,70.507141,116199300,71.514282
71.80143000000001,72.53286,71.328575,100366000,71.647141
72.264282,72.779999,71.822861,94170300,72.684288
72.36571500000001,73.611427,72.321426,82086200,73.227142
72.86571500000001,73.35714,72.544289,64441300,73.215714
74.482857,74.704285,73.91143000000001,92570100,74.239998
74.094284,75.998573,74.0,86389800,75.57
75.80143000000001,76.821426,75.64286,70564200,76.565712
76.707146,77.08000200000001,76.177139,77025200,76.559998
76.379997,77.835716,76.314285,76849500,77.775711
77.495712,77.997147,77.315712,68231100,77.71285999999999
78.0,78.74143199999999,77.944283,65062900,77.998573
77.821426,78.127144,76.335716,78442000,76.767143
76.141426,76.714287,75.571426,76464500,75.878571
76.112854,76.367142,74.942856,69696200,75.035713
74.735718,75.70285799999999,74.63143199999999,72227400,75.364288
75.62571700000001,75.652855,74.428574,57988000,74.58000200000001
74.80143000000001,75.0,73.657143,69054300,73.907143
73.877144,75.540001,73.721428,75470500,75.38143199999999
75.58285500000001,76.10714,74.58856999999999,92992200,75.177139
74.774284,75.807144,74.687141,59695300,75.394287
75.85714,76.091431,75.395714,64785000,75.891426
75.845711,76.39286,75.589996,50015700,76.05143000000001
76.112854,76.34857199999999,75.442856,46372200,75.821426
75.870003,75.997147,75.150002,55182400,75.77714499999999
75.480003,76.190002,75.477142,44646000,75.845711
76.492859,76.96285999999999,76.084282,69806100,76.584282
76.358574,76.764282,76.0,49831600,76.658569
76.77714499999999,77.094284,75.594284,64435700,75.807144
75.541428,75.841431,74.714287,59299800,74.955711
75.385712,75.709999,75.121429,49886200,75.248573
75.128571,75.995712,75.028572,52411800,75.914284
76.03714000000001,76.605713,75.571426,56189000,75.894287
75.69856999999999,76.095711,75.335716,52099600,75.528572
75.989998,76.25,75.190002,93511600,76.12428299999999
76.91714499999999,77.214287,76.437141,88925200,77.02714499999999
77.35714,77.964287,77.084282,70573300,77.855713
78.074287,78.428574,76.980003,74942000,77.111427
77.145714,77.35714,76.445717,55507900,76.779999
76.902855,76.99143199999999,76.321426,50141000,76.694283
77.03286,77.25856800000001,76.561432,42167300,76.677139
76.822861,77.410004,76.681427,50190000,77.378571
77.482857,77.639999,77.18,45105200,77.507141
77.341431,77.5,76.805717,40586000,76.970001
77.11571500000001,77.14286,75.79714200000001,68812800,75.974289
75.431427,75.842857,74.555717,72462600,74.781425
75.02714499999999,75.160004,74.099998,60972100,74.77714499999999
74.66285699999999,75.784286,74.574287,51542400,75.760002
75.811432,76.034286,74.738571,59913000,74.78286
74.14286,74.690002,73.877144,67929400,74.230003
74.557144,74.594284,73.887146,51418500,74.525711
74.324287,74.519997,73.04714200000001,66622500,73.994286
74.007141,74.441429,73.44856999999999,53691400,74.144287
74.285713,75.394287,74.171425,71083600,74.99143199999999
75.048569,76.019997,74.851425,45637200,75.88143199999999
75.47285500000001,75.975716,75.214287,50640800,75.957146
75.58000200000001,75.87571700000001,74.921425,98735000,74.964287
81.172859,81.428574,80.104286,189977900,81.110001
80.647141,81.71285999999999,80.565712,97568800,81.705711
81.828575,85.10714,81.792854,167371400,84.870003
84.82,85.139999,84.215714,84344400,84.61856800000001
84.66285699999999,85.632858,84.257141,114160200,84.298569
84.571426,84.971428,83.76571700000001,61012000,84.497147
84.620003,84.885712,84.244286,47878600,84.654289
84.305717,85.85714,84.285713,71766800,85.851425
85.971428,86.344284,84.915718,93641100,84.915718
85.035713,85.327141,83.961426,70716100,84.61856800000001
84.035713,84.915718,83.771431,57574300,83.998573
83.505714,83.75,82.904289,72899400,83.648575
83.927139,84.808571,83.914284,53302200,84.690002
84.571426,84.934288,84.385712,39934300,84.822861
84.632858,85.342857,84.534286,41601000,84.83856999999999
84.957146,85.228569,84.005714,57711500,84.117142
84.089996,85.361427,83.628571,69064100,85.358574
85.407143,86.761429,85.33285500000001,79438800,86.370003
86.358574,86.628571,85.818573,58709000,86.387146
86.261429,86.671425,86.00856800000001,49214900,86.61571500000001
86.657143,87.121429,86.300003,50190000,86.752853
86.75,87.818573,86.638573,58052400,87.732857
87.982857,89.408569,87.947144,87216500,89.37571700000001
89.431427,89.975716,89.111427,78870400,89.144287
89.692856,90.98143,89.681427,94118500,90.76857
91.139999,92.024284,89.842857,141005200,90.428574
90.565712,90.690002,88.928574,92337700,89.807144
89.779999,91.248573,89.75,73177300,91.077141
91.062859,92.555717,90.872856,83870500,92.117142
92.314285,92.767143,91.80143000000001,75951400,92.478569
92.842857,93.03714000000001,92.067146,87484600,92.224289
92.699997,93.879997,91.75,75415000,93.699997
94.730003,95.050003,93.57,62777000,94.25
94.129997,94.760002,93.470001,45681000,93.860001
94.040001,94.120003,91.900002,54749000,92.290001
92.199997,92.440002,90.879997,54525000,91.279999
91.510002,92.75,91.449997,35561000,92.199997
92.309998,92.699997,91.800003,29726000,92.08000200000001
92.269997,92.290001,91.349998,33514000,92.18
92.290001,92.300003,91.339996,35528000,91.860001
91.849998,92.550003,90.900002,100898000,90.910004
91.32,91.620003,90.599998,43694000,90.83000200000001
90.75,91.739998,90.190002,39036000,90.279999
90.209999,90.699997,89.650002,36869000,90.360001
90.370003,91.050003,89.800003,32629000,90.900002
90.82,92.0,90.769997,64029000,91.980003
92.099998,93.730003,92.089996,49482300,92.93
93.519997,94.07,93.129997,38223000,93.519997
93.870003,94.059998,93.089996,28465000,93.480003
93.66999799999999,94.099998,93.199997,22891800,94.029999
94.139999,95.989998,94.099998,56468000,95.970001
96.269997,96.800003,93.91999799999999,65222000,95.349998
95.440002,95.949997,94.760002,36436000,95.389999
93.760002,95.550003,93.519997,39686000,95.040001
95.360001,95.889999,94.860001,34018000,95.220001
95.860001,96.889999,95.650002,42810000,96.449997
96.800003,96.849998,95.029999,45477900,95.32
96.970001,97.099998,94.739998,53396300,94.779999
95.029999,95.279999,92.57,57298000,93.089996
93.620003,94.739998,93.019997,49988000,94.43
94.989998,95.0,93.720001,39079000,93.940002
94.68,94.889999,94.120003,55197000,94.720001
95.41999799999999,97.879997,95.16999799999999,92918000,97.190002
97.040001,97.32,96.41999799999999,45729000,97.029999
96.849998,97.839996,96.639999,43469000,97.66999799999999
97.82,99.239998,97.550003,55318000,99.019997
99.33000200000001,99.440002,98.25,43143000,98.379997
98.440002,98.699997,97.66999799999999,33010000,98.150002
97.160004,97.449997,95.33000200000001,56843000,95.599998
94.900002,96.620003,94.809998,48511000,96.129997
96.370003,96.58000200000001,95.16999799999999,39958000,95.589996
95.360001,95.68,94.360001,55933000,95.120003
94.75,95.480003,94.709999,38558000,94.959999
94.93,95.949997,94.099998,46711000,94.480003
94.260002,94.82,93.279999,41865000,94.739998
95.269997,96.08000200000001,94.839996,36585000,95.989998
96.040001,96.879997,95.610001,33795000,95.970001
96.150002,97.239998,96.040001,31916000,97.239998
97.33000200000001,97.57,96.800003,28116000,97.5
97.900002,98.190002,96.860001,48951000,97.980003
98.489998,99.370003,97.980003,47572000,99.160004
99.410004,100.68,99.32,69399000,100.529999
100.440002,101.089996,99.949997,52699000,100.57
100.57,100.940002,100.110001,33478000,100.58000200000001
100.290001,101.470001,100.190002,44184000,101.32
101.790001,102.16999799999999,101.279999,40270000,101.540001
101.41999799999999,101.5,100.860001,33152000,100.889999
101.019997,102.57,100.699997,52369000,102.129997
101.589996,102.779999,101.559998,68460000,102.25
102.860001,102.900002,102.199997,44595000,102.5
103.059998,103.739998,102.720001,53564000,103.300003
103.099998,103.199997,98.58000200000001,125421000,98.940002
98.849998,100.089996,97.790001,85718000,98.120003
98.800003,99.389999,98.309998,58457000,98.970001
99.300003,99.309998,98.050003,46356700,98.360001
99.08000200000001,103.08000200000001,96.139999,189846300,97.989998
98.010002,101.110001,97.760002,100869600,101.0
100.410004,101.440002,99.620003,62353100,101.43
101.209999,102.190002,101.08000200000001,62626100,101.660004
102.809998,103.050003,101.440002,61316500,101.629997
99.800003,101.260002,98.889999,66908100,100.860001
101.269997,101.800003,100.589996,60926500,101.58000200000001
101.93,102.349998,101.559998,37299400,101.790001
102.290001,102.349998,100.5,70902400,100.959999
101.800003,102.139999,100.58000200000001,52788400,101.059998
100.599998,102.940002,100.540001,63402200,102.639999
102.160004,102.849998,101.199997,60171800,101.75
100.510002,100.709999,97.720001,100092000,97.870003
98.529999,100.75,98.400002,62370500,100.75
98.650002,100.440002,98.629997,49766300,100.110001
100.809998,101.540001,100.529999,55264100,100.75
100.589996,100.690002,98.699997,51491300,99.18
99.269997,100.220001,98.040001,47757800,99.900002
99.440002,100.209999,99.040001,43469600,99.620003
99.949997,100.650002,99.41999799999999,37051200,99.620003
99.43,100.120003,98.730003,42094200,98.75
98.760002,101.110001,98.309998,57404700,100.800003
101.540001,102.379997,100.610001,77376500,101.019997
100.690002,102.029999,100.300003,66331600,100.730003
101.33000200000001,101.779999,99.809998,53583400,99.809998
100.389999,100.519997,98.57,63688600,98.75
97.970001,99.150002,95.18,100933600,97.540001
95.550003,97.720001,95.410004,72154500,96.260002
97.5,99.0,96.809998,68179700,97.66999799999999
98.32,99.959999,98.220001,77517300,99.760002
103.019997,103.019997,101.269997,94623900,102.470001
102.839996,104.110001,102.599998,68263100,102.989998
104.08000200000001,105.050003,103.629997,71074700,104.83000200000001
105.18,105.489998,104.529999,47053900,105.220001
104.849998,105.480003,104.699997,34187700,105.110001
105.400002,106.739998,105.349998,48060900,106.739998
106.650002,107.370003,106.360001,52687900,107.339996
106.959999,107.349998,105.900002,40654800,106.980003
108.010002,108.040001,107.209999,44639300,108.0
108.220001,110.300003,108.010002,52282600,109.400002
109.360001,109.489998,107.720001,41574400,108.599998
109.099998,109.300003,108.129997,37435900,108.860001
108.599998,108.790001,107.800003,34968500,108.699997
108.75,109.32,108.550003,33691500,109.010002
109.019997,109.33000200000001,108.66999799999999,27195500,108.83000200000001
108.699997,109.75,108.400002,27442300,109.699997
109.379997,111.43,109.370003,46942400,111.25
111.800003,113.449997,111.599998,59522900,112.82
113.150002,114.190002,111.209999,44063600,114.18
114.269997,117.279999,113.300003,46746700,113.989998
113.940002,115.690002,113.889999,44224000,115.470001
115.440002,115.739998,113.800003,41869200,114.66999799999999
114.910004,116.860001,114.849998,43395500,116.309998
117.510002,117.57,116.029999,57179300,116.470001
116.849998,118.769997,116.620003,47450800,118.629997
119.07,119.75,117.449997,68840400,117.599998
117.940002,119.099998,117.83000200000001,40768300,119.0
119.269997,119.400002,118.050003,24814400,118.93
118.809998,119.25,111.269997,83814000,115.07
113.5,115.75,112.75,59348900,114.629997
115.75,116.349998,115.110001,43063400,115.93
115.769997,117.199997,115.290001,42044500,115.489998
115.989998,116.08000200000001,114.639999,38318900,115.0
114.099998,114.650002,111.620003,57664900,112.400002
110.190002,114.300003,109.349998,60208000,114.120003
114.410004,114.849998,111.540001,44565300,111.949997
112.260002,113.800003,111.339996,41401700,111.620003
110.459999,111.870003,109.58000200000001,56028100,109.730003
110.699997,111.599998,106.349998,67218100,108.230003
106.370003,110.160004,106.260002,60790700,106.75
107.120003,109.839996,106.82,53411800,109.410004
111.870003,112.650002,110.660004,59006200,112.650002
112.260002,113.239998,111.660004,88429800,111.779999
112.160004,113.489998,111.970001,45167500,112.940002
113.230003,113.33000200000001,112.459999,26028400,112.540001
112.58000200000001,112.709999,112.010002,14479600,112.010002
112.099998,114.519997,112.010002,33721000,113.989998
113.790001,114.769997,113.699997,27598900,113.910004
113.639999,113.91999799999999,112.110001,29881500,112.519997
112.82,113.129997,110.209999,41403400,110.379997
111.389999,111.440002,107.349998,53204600,109.33000200000001
108.290001,108.650002,105.410004,64285500,106.25
106.540001,107.43,104.629997,65797100,106.260002
107.199997,108.199997,106.699997,40105900,107.75
109.230003,112.150002,108.699997,59364500,111.889999
112.66999799999999,113.25,110.209999,53699500,112.010002
112.599998,112.629997,108.800003,49650800,109.25
111.43,112.800003,108.910004,67091900,110.220001
109.040001,110.489998,108.5,48337000,109.800003
110.0,110.059998,106.660004,60014000,106.82
107.029999,107.58000200000001,105.199997,78513300,105.989998
107.839996,108.970001,106.5,49899900,108.720001
108.949997,111.059998,108.269997,48575900,109.550003
110.260002,112.470001,109.720001,53796400,112.400002
112.300003,113.75,111.529999,46464800,112.980003
113.739998,114.360001,112.800003,55615000,113.099998
112.41999799999999,112.480003,109.029999,95568700,109.139999
117.629997,118.120003,115.309998,146477100,115.309998
116.32,119.190002,115.559998,84436400,118.900002
118.400002,120.0,116.849998,83745500,117.160004
118.050003,119.16999799999999,116.08000200000001,62739100,118.629997
118.5,119.089996,117.610001,51915700,118.650002
118.5,120.510002,118.309998,70149700,119.559998
120.019997,120.230003,119.25,42246200,119.940002
120.019997,120.25,118.449997,43706600,118.93
118.550003,119.839996,118.43,38889800,119.720001
120.16999799999999,122.150002,120.160004,62008500,122.019997
122.769997,124.91999799999999,122.5,73561800,124.879997
126.059998,127.480003,125.57,74474500,126.459999
127.279999,127.279999,125.650002,54272200,127.08000200000001
127.489998,128.880005,126.91999799999999,63152400,127.83000200000001
127.629997,128.779999,127.449997,44891700,128.720001
128.479996,129.029999,128.330002,37362400,128.449997
128.619995,129.5,128.050003,48948400,129.5
130.020004,133.0,129.66000400000001,70974100,133.0
132.940002,133.600006,131.169998,69228100,132.169998
131.559998,131.600006,128.149994,74711700,128.78999299999998
128.78999299999998,130.869995,126.610001,91287500,130.419998
130.0,130.570007,128.240005,62014800,128.46000700000002
129.25,130.279999,128.300003,48096700,129.08999599999999
128.96000700000002,129.520004,128.08999599999999,37816300,129.360001
129.100006,129.559998,128.320007,31666300,128.53999299999998
128.580002,128.75,125.760002,56517100,126.410004
128.399994,129.369995,126.260002,72842100,126.599998
127.959999,129.570007,125.059998,88528500,127.139999
126.410004,127.220001,123.800003,68856600,124.510002
124.75,124.769997,122.110001,68939000,122.239998
122.309998,124.900002,121.629997,48362700,124.449997
124.400002,125.400002,122.58000200000001,51827300,123.589996
123.879997,124.949997,122.870003,35874300,124.949997
125.900002,127.32,125.650002,51023100,127.040001
127.0,129.16000400000001,126.370003,65270900,128.470001
128.75,129.25,127.400002,45809500,127.5
128.25,128.399994,125.160004,68695100,125.900002
127.120003,127.849998,126.519997,37709700,127.209999
127.230003,128.03999299999998,126.559998,32842300,126.690002
126.540001,126.82,123.379997,51655200,123.379997
122.760002,124.879997,122.599998,47572900,124.239998
124.57,124.699997,122.910004,39546200,123.25
124.050003,126.400002,124.0,47099700,126.370003
126.089996,126.489998,124.360001,42090600,124.43
124.82,125.120003,123.099998,40621400,124.25
125.029999,125.559998,124.190002,32220100,125.32
124.470001,127.510002,124.33000200000001,37194000,127.349998
127.639999,128.119995,125.980003,35012300,126.010002
125.849998,126.400002,124.970001,37329200,125.599998
125.849998,126.58000200000001,124.660004,32484000,126.559998
125.949997,127.209999,125.260002,40188000,127.099998
128.369995,128.570007,126.610001,36365100,126.849998
127.0,127.290001,125.910004,25524600,126.300003
126.410004,127.129997,126.010002,28970400,126.779999
126.279999,127.099998,126.110001,28369000,126.16999799999999
125.550003,126.139999,124.459999,51957000,124.75
125.57,128.119995,125.16999799999999,47054300,127.599998
128.100006,128.199997,126.66999799999999,32435100,126.910004
126.989998,128.869995,126.32,37654500,128.619995
128.300003,130.419998,128.139999,45770900,129.669998
130.490005,130.630005,129.229996,44525900,130.279999
132.309998,133.130005,131.149994,96954200,132.649994
134.46000700000002,134.53999299999998,129.570007,118924000,130.559998
130.16000400000001,131.58999599999999,128.300003,63386100,128.639999
128.639999,128.639999,124.58000200000001,83195400,125.150002
126.099998,130.130005,125.300003,58512600,128.949997
129.5,130.570007,128.259995,50988300,128.699997
128.149994,128.449997,125.779999,49271400,125.800003
126.559998,126.75,123.360001,72141000,125.010002
124.769997,126.08000200000001,124.019997,43940900,125.260002
126.68,127.620003,126.110001,55550400,127.620003
127.389999,127.559998,125.629997,42035800,126.32
125.599998,126.879997,124.82,48160000,125.870003
126.150002,127.190002,125.870003,34694200,126.010002
127.410004,128.949997,127.160004,45203500,128.949997
129.070007,129.490005,128.21000700000002,38208000,128.770004
128.380005,130.720001,128.360001,50882900,130.190002
130.690002,130.880005,129.639999,44633200,130.070007
130.0,130.979996,129.33999599999999,36454900,130.059998
130.070007,131.630005,129.830002,39730400,131.389999
131.600006,132.970001,131.399994,45596000,132.53999299999998
132.600006,132.91000400000001,129.119995,70697600,129.619995
130.33999599999999,132.259995,130.050003,45833200,132.03999299999998
131.860001,131.949997,131.100006,30733300,131.779999
131.229996,131.449997,129.899994,50884500,130.279999
130.279999,131.389999,130.050003,32112800,130.53999299999998
129.860001,130.66000400000001,129.320007,33667600,129.96000700000002
130.66000400000001,130.940002,129.899994,30889400,130.119995
129.580002,130.580002,128.91000400000001,38450100,129.360001
129.5,129.690002,128.360001,35626800,128.649994
128.899994,129.21000700000002,126.83000200000001,52674800,127.800003
126.699997,128.080002,125.620003,56075400,127.41999799999999
127.91999799999999,129.33999599999999,127.849998,39087300,128.880005
129.179993,130.179993,128.479996,35390900,128.58999599999999
128.190002,128.330002,127.110001,36886200,127.16999799999999
126.099998,127.239998,125.709999,43988900,126.91999799999999
127.029999,127.849998,126.370003,31494100,127.599998
127.720001,127.879997,126.739998,32918100,127.300003
127.230003,128.309998,127.220001,35407200,127.879997
127.709999,127.82,126.400002,54716900,126.599998
127.489998,128.059998,127.08000200000001,34039300,127.610001
127.480003,127.610001,126.879997,30268900,127.029999
127.209999,129.800003,127.120003,55280900,128.110001
128.860001,129.199997,127.5,31938100,127.5
127.66999799999999,127.989998,126.510002,44066800,126.75
125.459999,126.470001,124.480003,49161400,124.529999
125.57,126.120003,124.860001,44370700,125.43
126.900002,126.940002,125.989998,30238800,126.599998
126.43,126.690002,125.769997,27211000,126.440002
124.940002,126.230003,124.849998,28060400,126.0
125.889999,126.150002,123.769997,46946800,125.690002
124.480003,124.639999,122.540001,60761600,122.57
123.849998,124.059998,119.220001,77821600,120.07
121.940002,123.849998,121.209999,61354500,123.279999
125.029999,125.760002,124.32,41440500,125.660004
126.040001,126.370003,125.040001,31768100,125.610001
125.720001,127.150002,125.58000200000001,33649200,126.82
127.739998,128.570007,127.349998,36222400,128.509995
129.080002,129.619995,128.309998,46164700,129.619995
130.970001,132.970001,130.699997,58900200,132.070007
132.850006,132.919998,130.320007,76756400,130.75
121.989998,125.5,121.989998,115450600,125.220001
126.199997,127.089996,125.059998,50999500,125.160004
125.32,125.739998,123.900002,42162300,124.5
123.089996,123.610001,122.120003,44455500,122.769997
123.379997,123.910004,122.550003,33618100,123.379997
123.150002,123.5,122.269997,37011700,122.989998
122.32,122.57,121.709999,33628300,122.370003
122.599998,122.639999,120.910004,42885000,121.300003
121.5,122.57,117.519997,69976000,118.440002
117.41999799999999,117.699997,113.25,124138600,114.639999
112.949997,117.440002,112.099998,99312600,115.400002
115.970001,116.5,114.120003,52903000,115.129997
114.58000200000001,116.25,114.5,38670400,115.519997
116.529999,119.989998,116.529999,54951600,119.720001
117.809998,118.18,113.33000200000001,97082800,113.489998
112.529999,115.41999799999999,109.629997,101217500,115.239998
116.040001,116.400002,114.540001,48535800,115.150002
114.32,116.309998,114.010002,42929500,115.959999
116.040001,117.650002,115.5,40884700,117.160004
116.43,117.440002,116.010002,34560700,116.5
116.099998,116.519997,114.68,47445700,115.010002
114.08000200000001,114.349998,111.629997,68501600,112.650002
110.43,111.900002,105.650002,128275500,105.760002
94.870003,108.800003,92.0,162206300,103.120003
111.110001,111.110001,103.5,103601600,103.739998
107.089996,109.889999,105.050003,96774600,109.690002
112.230003,113.239998,110.019997,84616100,112.91999799999999
112.16999799999999,113.309998,111.540001,53164400,113.290001
112.029999,114.529999,112.0,56229300,112.760002
110.150002,111.879997,107.360001,76845900,107.720001
110.230003,112.339996,109.129997,61888800,112.339996
112.489998,112.779999,110.040001,53233900,110.370003
108.970001,110.449997,108.510002,49996300,109.269997
111.75,112.559998,110.32,54843600,112.309998
113.760002,114.019997,109.769997,85010800,110.150002
110.269997,113.279999,109.900002,62892800,112.57
111.790001,114.209999,111.760002,49915500,114.209999
116.58000200000001,116.889999,114.860001,58363400,115.309998
115.93,116.529999,114.41999799999999,43341200,116.279999
116.25,116.540001,115.440002,37173500,116.410004
115.660004,116.489998,113.720001,64112600,113.91999799999999
112.209999,114.300003,111.870003,74285300,113.449997
113.66999799999999,115.370003,113.660004,50222000,115.209999
113.379997,114.18,112.519997,50346200,113.400002
113.629997,114.720001,113.300003,35756700,114.32
113.25,115.5,112.370003,50219500,115.0
116.440002,116.690002,114.019997,56151900,114.709999
113.849998,114.57,112.440002,52109000,112.440002
112.83000200000001,113.510002,107.860001,73365400,109.059998
110.16999799999999,111.540001,108.730003,66473000,110.300003
109.07,109.620003,107.309998,63929100,109.58000200000001
108.010002,111.010002,107.550003,58019800,110.379997
109.879997,111.370003,109.07,52064700,110.779999
110.629997,111.739998,109.769997,48196800,111.309998
111.739998,111.769997,109.410004,46765600,110.779999
110.190002,110.190002,108.209999,61979600,109.5
110.0,112.279999,109.489998,52766100,112.120003
112.730003,112.75,111.440002,30467200,111.599998
110.82,112.449997,110.68,33049300,111.790001
111.290001,111.519997,109.559998,44462400,110.209999
110.93,112.099998,110.489998,37673500,111.860001
111.779999,112.0,110.529999,39232600,111.040001
110.800003,111.75,110.110001,29759200,111.730003
111.339996,114.16999799999999,110.82,48778800,113.769997
114.0,115.58000200000001,113.699997,41795200,113.760002
114.33000200000001,115.5,114.099998,41654100,115.5
116.699997,119.230003,116.33000200000001,59366900,119.08000200000001
118.08000200000001,118.129997,114.91999799999999,66333800,115.279999
115.400002,116.540001,113.989998,69884400,114.550003
116.93,119.300003,116.059998,85551400,119.269997
118.699997,120.690002,118.269997,51227300,120.529999
120.989998,121.220001,119.449997,49365300,119.5
120.800003,121.360001,119.610001,32203300,121.18
120.790001,123.489998,120.699997,45519000,122.57
123.129997,123.82,121.620003,44886100,122.0
121.849998,122.690002,120.18,39552700,120.91999799999999
121.110001,121.809998,120.620003,33042300,121.059998
120.959999,121.809998,120.050003,33871400,120.57
116.900002,118.07,116.059998,59127900,116.769997
116.370003,117.41999799999999,115.209999,45218000,116.110001
116.260002,116.82,115.650002,32525600,115.720001
115.199997,115.57,112.269997,45812400,112.339996
111.379997,114.239998,111.0,38106700,114.18
114.91999799999999,115.050003,113.32,27616900,113.690002
115.760002,117.489998,115.5,46674700,117.290001
117.639999,119.75,116.760002,43295800,118.779999
119.199997,119.91999799999999,118.849998,34287100,119.300003
119.269997,119.730003,117.339996,32482500,117.75
117.33000200000001,119.349998,117.120003,42803200,118.879997
119.209999,119.230003,117.91999799999999,21388300,118.029999
118.290001,118.410004,117.599998,13046400,117.809998
117.989998,119.410004,117.75,39180300,118.300003
118.75,118.809998,116.860001,34852400,117.339996
117.339996,118.110001,116.08000200000001,33386600,116.279999
116.550003,116.790001,114.220001,41569500,115.199997
115.290001,119.25,115.110001,57777000,119.029999
118.980003,119.860001,117.809998,32084200,118.279999
117.519997,118.599998,116.860001,34309500,118.230003
117.639999,117.690002,115.08000200000001,46361400,115.620003
116.040001,116.940002,115.510002,29104200,116.16999799999999
115.190002,115.389999,112.849998,46886200,113.18
112.18,112.68,109.790001,64318700,112.480003
111.940002,112.800003,110.349998,53323100,110.489998
111.07,111.989998,108.800003,56238500,111.339996
112.019997,112.25,108.980003,44772800,108.980003
108.910004,109.519997,105.809998,96453300,106.029999
107.279999,107.370003,105.57,47590600,107.33000200000001
107.400002,107.720001,106.449997,32789400,107.230003
107.269997,108.849998,107.199997,32657400,108.610001
109.0,109.0,107.949997,13570400,108.029999
107.589996,107.690002,106.18,26704200,106.82
106.959999,109.43,106.860001,30931200,108.739998
108.58000200000001,108.699997,107.18,25213800,107.32
107.010002,107.029999,104.82,40635300,105.260002
102.610001,105.370003,102.0,67649400,105.349998
105.75,105.849998,102.410004,55791000,102.709999
100.559998,102.370003,99.870003,68457400,100.699997
98.68,100.129997,96.43,81094400,96.449997
98.550003,99.110001,96.760002,70798000,96.959999
98.970001,99.059998,97.339996,49739400,98.529999
100.550003,100.690002,98.839996,49154200,99.959999
100.32,101.190002,97.300003,62439600,97.389999
97.959999,100.480003,95.739998,63170100,99.519997
96.199997,97.709999,95.360001,79010000,97.129997
98.410004,98.650002,95.5,53087700,96.660004
95.099998,98.190002,93.41999799999999,72334400,96.790001
97.059998,97.879997,94.940002,52161500,96.300003
98.629997,101.459999,98.370003,65800500,101.41999799999999
101.519997,101.529999,99.209999,51794500,99.440002
99.93,100.879997,98.07,75077000,99.989998
96.040001,96.629997,93.339996,133369700,93.41999799999999
93.790001,94.519997,92.389999,55678800,94.089996
94.790001,97.339996,94.349998,64416500,97.339996
96.470001,96.709999,95.400002,40943500,96.43
95.41999799999999,96.040001,94.279999,37357200,94.480003
95.0,96.839996,94.08000200000001,45964300,96.349998
95.860001,97.33000200000001,95.190002,46471700,96.599998
96.519997,96.91999799999999,93.690002,46418100,94.019997
93.129997,95.699997,93.040001,54021400,95.010002
94.290001,95.940002,93.93,44331200,94.989998
95.91999799999999,96.349998,94.099998,42343600,94.269997
93.790001,94.720001,92.589996,50074700,93.699997
94.190002,94.5,93.010002,40351400,93.989998
95.019997,96.849998,94.610001,49057900,96.639999
96.66999799999999,98.209999,96.150002,44863200,98.120003
98.839996,98.889999,96.089996,39021000,96.260002
96.0,96.760002,95.800003,35374200,96.040001
96.309998,96.900002,95.91999799999999,34280800,96.879997
96.400002,96.5,94.550003,31942600,94.690002
93.980003,96.379997,93.32,36255700,96.099998
96.050003,96.760002,95.25,27582700,96.760002
97.199997,98.019997,96.58000200000001,28991100,96.910004
96.860001,98.230003,96.650002,35216300,96.690002
97.650002,100.769997,97.41999799999999,50407100,100.529999
100.510002,100.889999,99.639999,33169600,100.75
100.58000200000001,101.709999,100.449997,36955700,101.5
102.370003,103.75,101.370003,46055100,103.010002
102.389999,102.83000200000001,100.959999,35828900,101.870003
100.779999,101.760002,100.400002,31561900,101.029999
101.309998,101.58000200000001,100.269997,27201700,101.120003
101.410004,102.239998,100.150002,33513600,101.16999799999999
102.239998,102.279999,101.5,27408200,102.260002
101.910004,102.910004,101.779999,25076100,102.519997
103.959999,105.18,103.849998,40067700,104.58000200000001
104.610001,106.309998,104.589996,38303500,105.970001
105.519997,106.470001,104.959999,34420700,105.800003
106.339996,106.5,105.190002,44205200,105.91999799999999
105.93,107.650002,105.139999,35502700,105.910004
105.25,107.290001,105.209999,32444400,106.720001
106.480003,107.07,105.900002,25703500,106.129997
105.470001,106.25,104.889999,26133000,105.66999799999999
106.0,106.190002,105.059998,19411400,105.190002
104.889999,107.790001,104.879997,31190100,107.68
108.650002,110.41999799999999,108.599998,45601100,109.559998
109.720001,109.900002,108.879997,25888400,108.989998
108.779999,110.0,108.199997,25874000,109.989998
110.41999799999999,112.190002,110.269997,37356200,111.120003
109.510002,110.730003,109.41999799999999,26578700,109.809998
110.230003,110.980003,109.199997,26404100,110.959999
109.949997,110.41999799999999,108.120003,31801900,108.540001
108.910004,109.769997,108.16999799999999,23581700,108.660004
108.970001,110.610001,108.83000200000001,29407500,109.019997
109.339996,110.5,108.660004,27232300,110.440002
110.800003,112.339996,110.800003,33257300,112.040001
111.620003,112.389999,111.33000200000001,25473900,112.099998
112.110001,112.300003,109.730003,46939000,109.849998
108.889999,108.949997,106.940002,60834000,107.480003
107.879997,108.0,106.230003,32384900,106.910004
106.639999,108.089996,106.059998,30611000,107.129997
106.93,106.93,105.519997,31552500,105.970001
105.010002,106.480003,104.620003,33683100,105.68
105.0,105.650002,104.510002,28031600,105.08000200000001
103.910004,105.300003,103.910004,56016200,104.349998
96.0,98.709999,95.68,114602100,97.82
97.610001,97.879997,94.25,82242700,94.83000200000001
93.989998,94.720001,92.510002,68531500,93.739998
93.970001,94.08000200000001,92.400002,48160100,93.639999
94.199997,95.739998,93.68,56831300,95.18
95.199997,95.900002,93.82,41025500,94.190002
94.0,94.07,92.68,35890500,93.239998
93.370003,93.449997,91.849998,43458200,92.720001
93.0,93.769997,92.589996,32936400,92.790001
93.33000200000001,93.57,92.110001,33686800,93.41999799999999
93.480003,93.57,92.459999,28719100,92.510002
92.720001,92.779999,89.470001,76314700,90.339996
90.0,91.66999799999999,90.0,44392800,90.519997
92.389999,94.389999,91.650002,61259800,93.879997
94.550003,94.699997,93.010002,46916900,93.489998
94.160004,95.209999,93.889999,42062400,94.559998
94.639999,94.639999,93.57,30442100,94.199997
94.639999,95.43,94.519997,32026000,95.220001
95.870003,97.190002,95.66999799999999,38018600,96.43
97.220001,98.089996,96.839996,35140200,97.900002
98.66999799999999,99.739998,98.110001,38168800,99.620003
99.68,100.730003,98.639999,56331200,100.410004
99.440002,100.470001,99.25,36229500,100.349998
99.599998,100.400002,98.82,42307200,99.860001
99.019997,99.540001,98.33000200000001,29173300,98.459999
97.599998,97.839996,96.629997,40191600,97.720001
97.790001,98.269997,97.449997,28062900,97.91999799999999
97.989998,101.889999,97.550003,23292500,98.629997
99.25,99.870003,98.959999,22409500,99.029999
99.019997,99.559998,98.68,20848100,98.940002
98.5,99.989998,98.459999,26601400,99.650002
98.529999,99.349998,98.480003,31712900,98.83000200000001
98.690002,99.120003,97.099998,38020500,97.339996
97.32,98.480003,96.75,31931900,97.459999
97.82,98.410004,97.029999,29445200,97.139999
96.449997,97.75,96.07,31326800,97.550003
96.620003,96.650002,95.300003,61008200,95.33000200000001
96.0,96.57,95.029999,34411900,95.099998
94.940002,96.349998,94.68,35546400,95.910004
96.25,96.889999,95.349998,29219100,95.550003
95.940002,96.290001,95.25,32240200,96.099998
92.910004,94.660004,92.650002,75311400,93.400002
93.0,93.050003,91.5,45489600,92.040001
92.900002,93.660004,92.139999,40444900,93.589996
93.970001,94.550003,93.629997,36531000,94.400002
94.440002,95.769997,94.300003,35836400,95.599998
95.489998,96.470001,95.33000200000001,26026500,95.889999
95.389999,95.400002,94.459999,27705200,94.989998
94.599998,95.660004,94.370003,30949100,95.529999
95.699997,96.5,95.620003,25139600,95.940002
96.489998,96.889999,96.050003,28912100,96.68
96.75,97.650002,96.730003,23794900,96.980003
97.16999799999999,97.699997,97.120003,24167500,97.41999799999999
97.410004,97.66999799999999,96.839996,25892200,96.870003
97.389999,98.989998,97.32,38919000,98.790001
98.91999799999999,99.300003,98.5,30137000,98.779999
98.699997,100.129997,98.599998,36493900,99.83000200000001
99.559998,100.0,99.339996,23779900,99.870003
100.0,100.459999,99.739998,26276000,99.959999
99.83000200000001,101.0,99.129997,32702000,99.43
99.260002,99.300003,98.309998,28313700,98.660004
98.25,98.839996,96.91999799999999,40382900,97.339996
96.82,97.970001,96.41999799999999,56239800,96.66999799999999
104.269997,104.349998,102.75,92344800,102.949997
102.83000200000001,104.449997,102.82,39869800,104.339996
104.190002,104.550003,103.68,27733700,104.209999
104.410004,106.150002,104.410004,38167900,106.050003
106.050003,106.07,104.0,33816600,104.480003
104.809998,105.839996,104.769997,30202600,105.790001
105.58000200000001,106.0,105.279999,27408700,105.870003
106.269997,107.650002,106.18,40553400,107.480003
107.519997,108.370003,107.160004,28037200,108.370003
108.230003,108.940002,108.010002,26315200,108.809998
108.709999,108.900002,107.760002,24008500,108.0
108.519997,108.93,107.849998,27484500,107.93
107.779999,108.440002,107.779999,18660400,108.18
108.139999,109.540001,108.08000200000001,25868200,109.480003
109.629997,110.230003,109.209999,33794400,109.379997
109.099998,109.370003,108.339996,25356000,109.220001
109.230003,109.599998,109.019997,21984700,109.08000200000001
108.769997,109.690002,108.360001,25368100,109.360001
108.860001,109.099998,107.849998,25820200,108.510002
108.589996,109.32,108.529999,21257700,108.849998
108.57,108.75,107.68,23675100,108.029999
107.389999,107.879997,106.68,25086200,107.57
107.410004,107.949997,106.309998,27766300,106.940002
106.620003,107.440002,106.290001,24970300,106.82
105.800003,106.5,105.5,24863900,106.0
105.660004,106.57,105.639999,29662400,106.099998
106.139999,106.800003,105.620003,26701500,106.730003
107.699997,108.0,106.82,26802500,107.730003
107.900002,108.300003,107.510002,26880400,107.699997
107.83000200000001,108.760002,107.07,42364300,108.360001
107.25,107.269997,105.239998,53002000,105.519997
104.639999,105.720001,103.129997,46557000,103.129997
102.650002,105.720001,102.529999,45292800,105.440002
107.510002,108.790001,107.239998,62176200,107.949997
108.730003,113.029999,108.599998,110888700,111.769997
113.860001,115.730003,113.489998,89983600,115.57
115.120003,116.129997,114.040001,79886900,114.91999799999999
115.190002,116.18,113.25,47023000,113.58000200000001
113.050003,114.120003,112.510002,34514300,113.57
113.849998,113.989998,112.440002,36003200,113.550003
114.349998,114.940002,114.0,31074000,114.620003
114.41999799999999,114.790001,111.550003,52481200,112.709999
111.639999,113.389999,111.550003,29869400,112.879997
113.0,113.18,112.339996,24607400,113.089996
113.690002,114.639999,113.43,29641100,113.949997
113.160004,113.800003,111.800003,35887000,112.18
112.459999,113.370003,111.800003,36379100,113.050003
112.709999,113.050003,112.279999,21701800,112.519997
113.059998,114.309998,112.629997,29736800,113.0
113.400002,113.660004,112.690002,21453100,113.050003
113.699997,114.339996,113.129997,28779300,113.889999
114.309998,114.559998,113.510002,24358400,114.059998
115.019997,116.75,114.720001,36236000,116.050003
117.699997,118.690002,116.199997,64041000,116.300003
117.349998,117.980003,116.75,37586800,117.339996
116.790001,117.440002,115.720001,35192400,116.980003
117.879997,118.16999799999999,117.129997,35652200,117.629997
117.33000200000001,117.839996,116.779999,23624900,117.550003
118.18,118.209999,117.449997,24553500,117.470001
117.25,117.760002,113.800003,20034600,117.120003
116.860001,117.379997,116.33000200000001,24125800,117.059998
116.809998,116.910004,116.279999,23192700,116.599998
117.099998,117.739998,117.0,23538700,117.650002
117.949997,118.360001,117.309998,48129000,118.25
114.309998,115.699997,113.309998,66134200,115.589996
115.389999,115.860001,114.099998,34562000,114.480003
113.870003,115.209999,113.449997,37861700,113.720001
113.650002,114.230003,113.199997,26419400,113.540001
113.459999,113.769997,110.529999,43825800,111.489998
111.400002,112.349998,111.230003,28331700,111.589996
110.980003,111.459999,109.550003,26932600,109.83000200000001
108.529999,110.25,108.110001,30837000,108.839996
110.08000200000001,110.510002,109.459999,32560000,110.410004
110.309998,111.720001,109.699997,24054500,111.059998
109.879997,111.32,108.050003,59176400,110.879997
111.089996,111.089996,105.83000200000001,57134500,107.790001
107.120003,108.870003,106.550003,34094100,108.43
107.709999,107.809998,104.08000200000001,51175500,105.709999
106.57,107.68,106.160004,32264500,107.110001
106.699997,110.230003,106.599998,58840500,109.989998
109.809998,110.349998,108.83000200000001,27632000,109.949997
109.720001,110.540001,109.660004,28428900,110.059998
110.120003,111.989998,110.010002,29264600,111.730003
111.949997,112.41999799999999,111.400002,25965500,111.800003
111.360001,111.510002,110.33000200000001,27426400,111.230003
111.129997,111.870003,110.949997,11475900,111.790001
111.43,112.470001,111.389999,27194000,111.57
110.779999,112.029999,110.07,28528800,111.459999
111.599998,112.199997,110.269997,36162300,110.519997
110.370003,110.940002,109.029999,37086900,109.489998
109.16999799999999,110.089996,108.849998,26528000,109.900002
110.0,110.029999,108.25,34324500,109.110001
109.5,110.360001,109.190002,26195500,109.949997
109.260002,111.190002,109.160004,29998700,111.029999
110.860001,112.43,110.599998,27068300,112.120003
112.309998,114.699997,112.309998,34402600,113.949997
113.290001,115.0,112.489998,26374400,113.300003
113.839996,115.91999799999999,113.75,43733800,115.190002
115.040001,116.199997,114.980003,34031800,115.190002
115.379997,116.730003,115.230003,46524500,115.82
116.470001,116.5,115.650002,44351100,115.970001
115.800003,117.379997,115.75,27779400,116.639999
116.739998,117.5,116.68,21425000,116.949997
116.800003,117.400002,116.779999,23783200,117.059998
116.349998,116.510002,115.639999,26085900,116.290001
115.589996,116.519997,115.589996,14181200,116.519997
116.519997,117.800003,116.489998,18296900,117.260002
117.519997,118.019997,116.199997,20905900,116.760002
116.449997,117.110001,116.400002,15039500,116.730003
116.650002,117.199997,115.43,30586300,115.82
